"","model_ID","model","threshold","thr_value","n_presences","n_absences","TPR_mean","TPR_sd","TNR_mean","TNR_sd","SORENSEN_mean","SORENSEN_sd","JACCARD_mean","JACCARD_sd","FPB_mean","FPB_sd","OR_mean","OR_sd","TSS_mean","TSS_sd","AUC_mean","AUC_sd","BOYCE_mean","BOYCE_sd","IMAE_mean","IMAE_sd"
"1",1,"glm","max_sens_spec",0.54415679,2916,2956,0.844765833515552,0.0239774294889301,0.849896019115562,0.0225856875845609,0.845967878849138,0.00740733447125528,0.73312399144134,0.0111249571856059,1.46624798288268,0.0222499143712119,0.155234166484448,0.0239774294889301,0.694661852631114,0.0122805910273615,0.91774359961466,0.0059067452640454,0.976453776564511,0.0109237964784361,0.76585429156174,0.0044294674599776
"2",2,"max","max_sens_spec",0.38850559,2916,2956,0.894626474177923,0.0272500489408462,0.835386712854987,0.02492365062866,0.867827596480712,0.00864882484994037,0.766616697257125,0.0135298826874391,1.53323339451425,0.0270597653748783,0.105373525822077,0.0272500489408462,0.73001318703291,0.015932029705902,0.935588644777869,0.00601029562952145,0.993748421945141,0.00374611838100716,0.731845200204466,0.00458568526370018
"3",3,"gam","max_sens_spec",0.38281075,2916,2956,0.895034464350574,0.0420868007470266,0.839141457447295,0.0445995894981929,0.869586040805322,0.00791521093603595,0.769348466477276,0.0124030994471874,1.53869693295455,0.0248061988943748,0.104965535649426,0.0420868007470266,0.734175921797869,0.0142321159683822,0.939850208570266,0.00560281196847548,0.958751261394449,0.0268833205329496,0.81017599505326,0.00472840677997436
